Comment,Designator,Footprint,LCSC Part #
USB2517I,U1,QFN-64_9x9mm,TODO search "USB2517I"
CH340N,U2,SOIC-8_3.9x4.9mm,TODO search "CH340N"
INA226,U3,VSSOP-10_3x3mm,TODO search "INA226AIDGSR"
AP2553W6-7,U4,SOT-23-6,TODO search "AP2553"
AP2553W6-7,U5,SOT-23-6,TODO search "AP2553"
AP2553W6-7,U6,SOT-23-6,TODO search "AP2553"
AP2553W6-7,U7,SOT-23-6,TODO search "AP2553"
Load switch w/ UVLO 30V,U8,SOT-23-6,TODO 4S - must survive 30V
USBLC6-2SC6,D1,SOT-23-6,TODO search "USBLC6-2SC6"
USBLC6-2SC6,D2,SOT-23-6,TODO search "USBLC6-2SC6"
USBLC6-2SC6,D3,SOT-23-6,TODO search "USBLC6-2SC6"
USBLC6-2SC6,D4,SOT-23-6,TODO search "USBLC6-2SC6"
USBLC6-2SC6,D5,SOT-23-6,TODO search "USBLC6-2SC6"
TVS 20V standoff,D6,SMB,TODO search "SMBJ20A"
24MHz,Y1,Crystal_SMD_3225-4Pin,TODO search "24MHz 3225"
10k 1%,"R1,R2",R0603,TODO basic part
4.7k 1%,"R3,R4",R0603,TODO basic part
0.01R 1W,R5,R1206,TODO search "10 milliohm shunt"
UVLO divider TBD,"R6,R7,R8",R0603,TODO size for 12.0V trip w/ hysteresis
VBAT divider TBD,"R9,R10",R0603,TODO size for 16.8V full scale
100nF 50V,"C1,C2,C3,C4,C5,C6",C0603,TODO basic part
10uF 50V,"C7,C8",C0805,TODO 4S - was 25V on 3S
22uF 50V,"C9,C10",C1206,TODO 4S - was 25V on 3S
USB-A vertical,"J4,J5,J6,J7,J8",USB-A_TH_vertical,HAND SOLDER
USB-C 16P,J3,USB-C_16P_SMD,TODO search "USB-C 16 pin"
XT60PW-M,J1,XT60PW,HAND SOLDER
XT60PW-F,J2,XT60PW,HAND SOLDER
JST-ZH 4P,J9,JST_ZH_B4B-ZR,HAND SOLDER
JST-PH 3P,J10,JST_PH_B3B-PH-K,HAND SOLDER
Header 1x3 2.54,J11,PinHeader_1x03_2.54mm,HAND SOLDER
JST-XH 5P,J12,JST_XH_B5B-XH-A,HAND SOLDER
JST-PH 4P,J13,JST_PH_B4B-PH-K,HAND SOLDER
Fuse holder 5A,F1,Fuseholder_Blade_ATO,HAND SOLDER
Buck 5V 5A 36Vin module,M1,Module_5V5A_header,HAND SOLDER
Buck 6V 3A 36Vin module,M2,Module_6V3A_header,HAND SOLDER
